Occupation,Total - Employment income statistics,With employment income,Median employment income,Average employment income,"With wages, salaries and commissions","Median wages, salaries and commisions","Average wages, salaries and commisions"
0 Legislative and senior management occupations,"267,695","243,685","102,000","169,200","231,230","106,000","175,200"
00 Legislative and senior managers,"267,695","243,685","102,000","169,200","231,230","106,000","175,200"
000 Legislative and senior managers,"267,695","243,685","102,000","169,200","231,230","106,000","175,200"
0001 Legislative and senior managers,"267,695","243,685","102,000","169,200","231,230","106,000","175,200"
00010 Legislators,"9,385","8,765","55,600","70,700","8,630","55,600","71,100"
00018 Seniors managers - public and private sector 18,"258,310","234,920","104,000","173,000","222,600","108,000","179,200"
"1 Business, finance and administration occupations","3,557,055","3,362,195","48,800","61,450","3,185,110","50,000","62,250"
"10 Specialized middle management occupations in administrative services, financial and business services and communication (except broadcasting)","453,640","432,605","86,000","105,300","417,110","87,000","107,100"
"100 Specialized middle management occupations in administrative services, financial and business services and communication (except broadcasting)","453,640","432,605","86,000","105,300","417,110","87,000","107,100"
1001 Administrative services managers,"207,885","200,565","88,000","104,400","196,495","89,000","105,300"
10010 Financial managers,"78,200","75,520","93,000","112,400","73,940","93,000","113,300"
10011 Human resources managers,"52,360","51,120","92,000","101,100","50,575","92,000","101,600"
10012 Purchasing managers,"27,900","27,060","92,000","101,600","26,615","93,000","102,200"
10019 Other administrative services managers,"49,425","46,865","73,000","96,600","45,370","74,500","98,400"
1002 Managers in financial and business services,"234,915","221,465","83,000","106,300","210,200","85,000","109,100"
"10020 Insurance, real estate and financial brokerage managers","37,760","34,140","96,000","134,600","31,580","99,000","140,000"
"10021 Banking, credit and other investment managers","77,715","75,305","93,000","124,400","74,030","94,000","125,400"
"10022 Advertising, marketing and public relations managers","95,600","90,510","74,000","86,800","85,365","76,000","89,500"
10029 Other business services managers,"23,835","21,515","64,500","79,800","19,230","68,500","82,800"
1003 Managers in communication (except broadcasting),"10,840","10,570","93,000","101,000","10,415","93,000","101,500"
10030 Telecommunication carriers managers,"10,840","10,570","93,000","101,000","10,415","93,000","101,500"
11 Professional occupations in finance and business,"794,045","746,165","65,000","85,900","675,850","67,000","87,200"
111 Professional occupations in finance,"422,595","401,235","68,000","98,200","359,475","69,500","98,900"
"1110 Auditors, accountants and investment professionals","422,595","401,235","68,000","98,200","359,475","69,500","98,900"
11100 Financial auditors and accountants,"211,870","202,780","68,000","85,400","187,180","68,500","83,100"
11101 Financial and investment analysts,"61,240","58,520","78,000","135,400","56,785","78,500","136,400"
11102 Financial advisors,"101,935","97,240","65,500","103,800","78,875","67,000","107,500"
"11103 Securities agents, investment dealers and brokers","15,880","13,250","60,000","134,600","10,995","70,000","156,600"
11109 Other financial officers,"31,675","29,450","60,800","77,600","25,645","62,000","79,800"
112 Professional occupations in business,"371,455","344,920","61,600","71,600","316,375","64,000","73,900"
1120 Human resources and business service professionals,"371,455","344,920","61,600","71,600","316,375","64,000","73,900"
11200 Human resources professionals,"99,785","96,865","71,000","78,200","94,300","71,500","78,800"
11201 Professional occupations in business management consulting,"113,075","101,085","70,500","85,300","88,840","75,000","89,300"
"11202 Professional occupations in advertising, marketing and public relations","158,595","146,975","49,200","57,800","133,240","51,600","60,200"
12 Administrative and financial supervisors and specialized administrative occupations,"523,055","495,335","52,400","55,450","459,465","54,400","57,600"
120 Administrative and financial supervisors,"70,690","68,415","59,200","62,600","67,500","59,200","63,000"
1201 Administrative and financial supervisors,"70,690","68,415","59,200","62,600","67,500","59,200","63,000"
"12010 Supervisors, general office and administrative support workers","19,380","18,855","60,800","64,800","18,610","61,200","65,100"
"12011 Supervisors, finance and insurance office workers","18,350","17,885","63,600","66,700","17,705","64,000","67,000"
"12012 Supervisors, library, correspondence and related information workers","3,420","2,815","41,200","44,120","2,655","44,400","46,240"
"12013 Supervisors, supply chain, tracking and scheduling coordination occupations","29,540","28,855","56,000","60,450","28,530","56,400","60,750"
121 Specialized administrative occupations,"229,445","220,315","56,800","60,250","210,955","58,000","61,500"
1210 Administrative and regulatory occupations,"203,735","196,195","58,000","62,250","190,255","58,800","63,000"
12100 Executive assistants,"50,200","49,000","60,800","67,100","48,160","61,200","67,300"
12101 Human resources and recruitment officers,"43,415","41,305","54,400","60,100","39,980","55,200","60,800"
12102 Procurement and purchasing agents and officers,"52,200","50,665","63,600","71,400","49,595","64,000","71,400"
12103 Conference and event planners,"24,200","22,195","34,800","39,360","19,670","38,800","42,120"
12104 Employment insurance and revenue officers,"33,720","33,025","59,200","59,050","32,855","59,200","59,150"
"1211 Court reporters, transcriptionists, records management technicians and statistical officers","25,705","24,120","44,000","44,200","20,700","48,000","48,040"
"12110 Court reporters, medical transcriptionists and related occupations","10,390","9,485","23,800","28,920","6,420","36,000","33,320"
12111 Health information management occupations,"6,490","6,350","57,600","57,150","6,275","57,200","56,950"
12112 Records management technicians,"3,010","2,900","52,800","54,650","2,845","52,800","55,150"
12113 Statistical officers and related research support occupations,"5,815","5,390","47,600","50,200","5,160","50,400","51,500"
"122 Accounting, insurance and related business administrative occupations","222,925","206,610","43,600","47,920","181,005","46,800","51,000"
"1220 Accounting, insurance and related business administrative occupations","222,925","206,610","43,600","47,920","181,005","46,800","51,000"
12200 Accounting technicians and bookkeepers,"156,740","142,605","34,000","39,120","119,975","38,000","42,240"
12201 Insurance adjusters and claims examiners,"31,885","31,295","64,000","65,500","30,770","64,500","65,900"
12202 Insurance underwriters,"17,400","17,080","66,500","73,000","16,860","66,500","73,200"
"12203 Assessors, business valuators and appraisers","16,900","15,635","56,800","65,400","13,400","59,200","67,400"
13 Administrative occupations and transportation logistics occupations,"817,585","772,925","43,200","45,120","744,890","44,000","45,800"
131 Administrative occupations,"760,410","717,625","42,400","44,360","690,715","43,200","45,040"
"1310 Administrative, property and payroll officers","387,560","363,205","46,800","49,960","347,875","47,600","50,920"
13100 Administrative officers,"294,790","280,465","46,400","49,120","270,655","46,800","49,840"
13101 Property administrators,"50,705","41,885","43,200","51,700","36,955","46,000","55,350"
13102 Payroll administrators,"42,065","40,850","54,000","53,950","40,270","54,000","54,200"
"1311 Office administrative assistants - general, legal and medical","372,850","354,420","38,400","38,600","342,840","39,200","39,080"
13110 Administrative assistants,"289,645","274,600","38,000","37,800","265,305","38,400","38,320"
13111 Legal administrative assistants,"46,840","44,755","45,600","45,440","42,935","46,400","46,120"
13112 Medical administrative assistants,"36,365","35,065","36,400","36,000","34,610","36,400","36,120"
132 Transportation and production logistics coordinators and customs brokers and related broker occupations,"57,170","55,305","50,400","55,000","54,175","50,800","55,450"
1320 Transportation and production logistics coordinators and customs brokers and related broker occupations,"57,170","55,305","50,400","55,000","54,175","50,800","55,450"
"13200 Customs, ship and other brokers","5,130","4,955","47,600","55,300","4,820","48,400","55,450"
13201 Production and transportation logistics coordinators,"52,040","50,350","50,800","55,000","49,355","51,200","55,400"
14 Administrative and financial support and supply chain logistics occupations,"968,720","915,165","35,600","37,880","887,790","36,400","38,320"
"141 Office, court, and data support occupations","453,855","421,720","28,800","32,080","408,030","29,600","32,480"
1410 Office support and court services occupations,"388,045","363,510","29,000","32,160","352,455","29,800","32,520"
14100 General office support workers,"203,185","188,850","35,200","36,320","180,990","36,400","37,040"
14101 Receptionists,"167,155","157,510","21,800","25,280","154,520","22,200","25,320"
14102 Personnel clerks,"12,400","11,945","47,600","47,920","11,800","47,600","47,960"
14103 Court clerks and related court services occupations,"5,305","5,200","53,600","52,950","5,145","53,200","52,500"
"1411 Survey, statistical and data entry occupations","65,810","58,210","27,200","31,520","55,575","28,600","32,240"
14110 Survey interviewers and statistical clerks,"18,095","14,110","13,200","25,680","13,260","14,000","26,400"
14111 Data entry clerks,"46,895","43,300","31,200","33,080","41,595","32,400","33,760"
14112 Desktop publishing operators and related occupations,815,800,"48,800","49,200",720,"52,400","52,700"
"142 Financial, insurance and related administrative support workers","216,485","205,980","42,800","44,960","196,845","43,200","45,720"
"1420 Financial, insurance and related administrative support workers","216,485","205,980","42,800","44,960","196,845","43,200","45,720"
14200 Accounting and related clerks,"182,470","173,155","42,000","44,480","164,685","42,800","45,320"
"14201 Banking, insurance and other financial clerks","20,715","19,930","46,400","49,840","19,475","46,800","50,080"
14202 Collection clerks,"13,305","12,890","44,000","43,600","12,685","44,400","43,960"
"143 Library, correspondence and other clerks","35,935","34,680","36,400","38,920","33,710","37,200","39,280"
"1430 Library, correspondence and other clerks","35,935","34,680","36,400","38,920","33,710","37,200","39,280"
14300 Library assistants and clerks,"14,980","14,625","20,600","25,260","14,515","20,600","25,140"
"14301 Correspondence, publication and regulatory clerks","20,960","20,055","48,000","48,880","19,200","49,200","50,000"
"144 Supply chain logistics, tracking and scheduling coordination occupations","262,445","252,785","39,200","41,680","249,210","39,200","41,880"
"1440 Supply chain logistics, tracking and scheduling coordination occupations","262,445","252,785","39,200","41,680","249,210","39,200","41,880"
14400 Shippers and receivers,"130,710","125,720","34,800","35,960","124,275","34,800","36,000"
14401 Storekeepers and partspersons,"47,475","46,045","43,200","45,520","45,430","43,200","45,840"
14402 Production logistics workers,"9,340","9,035","48,800","52,200","8,910","49,200","52,500"
14403 Purchasing and inventory control workers,"38,135","36,440","39,200","40,920","35,775","39,600","41,160"
14404 Dispatchers,"32,495","31,415","52,000","55,150","30,825","52,400","55,650"
14405 Transportation route and crew schedulers,"4,295","4,135","52,800","55,550","4,000","53,600","56,200"
2 Natural and applied sciences and related occupations,"1,666,685","1,580,270","74,000","82,000","1,516,100","75,000","83,600"
"20 Specialized middle management occupations in engineering, architecture, science and information systems","134,620","129,705","112,000","128,800","127,295","113,000","130,000"
"200 Specialized middle management occupations in engineering, architecture, science and information systems","134,620","129,705","112,000","128,800","127,295","113,000","130,000"
"2001 Managers in engineering, architecture, science and information systems","134,620","129,705","112,000","128,800","127,295","113,000","130,000"
20010 Engineering managers,"32,775","31,685","119,000","137,000","31,175","120,000","138,200"
20011 Architecture and science managers,"15,610","15,035","100,000","111,400","14,790","100,000","112,300"
20012 Computer and information systems managers,"86,235","82,990","112,000","128,800","81,335","112,000","130,200"
21 Professional occupations in natural and applied sciences,"966,165","910,175","80,000","87,400","872,030","81,000","89,000"
211 Professional occupations in natural sciences,"105,080","100,710","70,500","76,800","96,820","71,500","77,800"
2110 Physical science professionals,"33,730","32,045","72,000","85,500","30,745","73,000","86,600"
21100 Physicists and astronomers,"2,755","2,655","97,000","106,700","2,575","98,000","104,300"
21101 Chemists,"17,285","16,710","64,500","69,800","16,430","64,500","70,100"
21102 Geoscientists and oceanographers,"12,140","11,165","83,000","104,200","10,290","86,000","108,300"
21103 Meteorologists and climatologists,940,925,"99,000","90,400",880,"102,000","93,200"
21109 Other professional occupations in physical sciences,620,590,"71,000","76,000",565,"72,000","78,000"
2111 Life science professionals,"50,005","48,070","68,500","72,600","46,015","69,500","73,700"
21110 Biologists and related scientists,"36,960","35,605","69,000","74,500","34,600","70,000","75,100"
21111 Forestry professionals,"5,545","5,300","74,500","74,000","4,875","76,000","77,000"
"21112 Agricultural representatives, consultants and specialists","7,495","7,165","60,400","62,150","6,545","61,600","64,100"
2112 Public and environmental health and safety professionals,"21,345","20,595","73,000","72,800","20,060","74,000","73,500"
21120 Public and environmental health and safety professionals,"21,345","20,595","73,000","72,800","20,060","74,000","73,500"
212 Professional occupations in applied sciences (except engineering),"600,380","561,360","78,500","83,900","534,740","80,000","85,500"
"2120 Architects, urban planners and land surveyors","51,625","48,725","72,500","78,700","45,765","74,000","80,500"
21200 Architects,"20,975","19,250","70,000","81,700","17,510","72,000","84,400"
21201 Landscape architects,"2,270","2,095","63,200","66,400","1,850","66,500","70,800"
21202 Urban and land use planners,"20,615","19,940","77,500","80,700","19,240","79,000","82,000"
21203 Land surveyors,"7,755","7,445","66,500","68,600","7,165","66,500","69,500"
"2121 Mathematicians, statisticians, actuaries and data scientists","29,490","27,915","85,000","97,200","27,225","86,000","97,400"
"21210 Mathematicians, statisticians and actuaries","14,075","13,460","88,000","105,400","13,145","89,000","105,700"
21211 Data scientists,"15,420","14,450","83,000","89,500","14,080","83,000","89,600"
2122 Computer and information systems professionals,"217,385","205,185","81,000","82,500","197,590","82,000","83,500"
21220 Cybersecurity specialists,"15,060","14,385","91,000","95,800","14,085","91,000","95,700"
21221 Business systems specialists,"32,625","30,850","79,000","78,400","29,990","79,500","78,900"
21222 Information systems specialists,"143,475","134,925","82,000","83,500","129,205","83,000","84,800"
21223 Database analysts and data administrators,"26,225","25,025","72,000","74,400","24,305","72,500","75,200"
"2123 Computer, software and Web designers and developers","301,875","279,530","77,000","84,600","264,160","79,000","86,700"
21230 Computer systems developers and programmers,"44,720","42,155","73,000","76,600","40,505","73,500","77,600"
21231 Software engineers and designers,"90,565","84,500","94,000","106,900","81,880","94,000","108,000"
21232 Software developers and programmers,"95,225","89,055","80,000","86,400","85,600","81,000","87,300"
21233 Web designers,"13,700","11,700","32,400","41,760","9,240","40,800","46,320"
21234 Web developers and programmers,"57,665","52,130","57,600","61,450","46,940","60,400","64,200"
213 Professional occupations in engineering,"260,710","248,110","89,000","99,500","240,460","90,000","101,200"
2130 Civil and mechanical engineers,"128,480","122,520","84,000","94,700","118,415","86,000","96,400"
21300 Civil engineers,"69,790","66,385","85,000","94,800","63,895","87,000","96,800"
21301 Mechanical engineers,"58,690","56,140","84,000","94,500","54,520","85,000","95,900"
"2131 Electrical, electronics and computer engineers","74,620","70,795","96,000","104,800","68,710","97,000","106,400"
21310 Electrical and electronics engineers,"47,890","45,465","94,000","101,900","44,105","95,000","103,400"
21311 Computer engineers (except software engineers and designers),"26,735","25,330","99,000","110,100","24,600","100,000","111,800"
2132 Manufacturing and processing engineers,"32,025","30,555","82,000","94,500","29,785","83,000","95,400"
21320 Chemical engineers,"12,075","11,475","89,000","105,700","11,220","90,000","106,900"
21321 Industrial and manufacturing engineers,"17,095","16,410","77,500","85,000","16,000","78,000","85,800"
21322 Metallurgical and materials engineers,"2,860","2,675","97,000","104,300","2,555","99,000","105,700"
2133 Natural resources engineers,"13,200","12,385","112,000","139,400","12,030","114,000","141,800"
21330 Mining engineers,"3,575","3,390","116,000","149,000","3,280","116,000","150,600"
21331 Geological engineers,"3,905","3,710","92,000","108,700","3,625","93,000","110,000"
21332 Petroleum engineers,"5,720","5,280","133,000","155,000","5,125","135,000","158,800"
2139 Other engineers,"12,380","11,850","89,000","89,900","11,530","90,000","91,000"
21390 Aerospace engineers,"5,785","5,600","94,000","94,000","5,485","94,000","94,600"
21399 Other professional engineers,"6,595","6,250","85,000","86,200","6,045","86,000","87,700"
22 Technical occupations related to natural and applied sciences,"565,895","540,385","58,400","61,800","516,780","59,600","63,200"
221 Technical occupations related to natural sciences,"75,615","71,330","46,400","51,750","67,005","48,400","53,300"
2210 Technical occupations in physical sciences,"21,850","20,975","59,600","68,500","20,640","60,000","68,600"
22100 Chemical technologists and technicians,"13,320","12,910","56,000","60,450","12,810","56,000","60,550"
22101 Geological and mineral technologists and technicians,"8,535","8,065","70,500","81,400","7,830","72,000","81,900"
2211 Technical occupations in life sciences,"53,760","50,350","41,200","44,760","46,365","43,200","46,440"
22110 Biological technologists and technicians,"11,025","10,570","45,200","46,920","10,345","45,600","47,280"
22111 Agricultural and fish products inspectors,"3,740","3,675","60,400","59,000","3,590","61,600","60,000"
22112 Forestry technologists and technicians,"7,240","6,955","52,800","53,000","6,655","54,400","54,300"
22113 Conservation and fishery officers,"3,955","3,845","62,800","58,150","3,785","64,000","58,800"
22114 Landscape and horticulture technicians and specialists,"27,800","25,310","31,000","37,480","21,990","33,600","39,360"
222 Technical occupations related to applied sciences (except engineering),"269,225","257,090","59,200","61,950","246,885","60,400","63,100"
"2221 Technical occupations in architecture, drafting, surveying, geomatics and meteorology","69,030","65,285","52,400","55,200","60,870","54,000","56,650"
22210 Architectural technologists and technicians,"14,700","13,885","50,000","52,850","12,670","50,800","53,800"
22211 Industrial designers,"11,495","10,560","52,800","59,400","9,520","55,600","62,350"
22212 Drafting technologists and technicians,"29,820","28,260","50,000","52,150","26,410","51,200","53,550"
22213 Land survey technologists and technicians,"3,540","3,395","49,200","52,450","3,315","49,600","52,700"
22214 Technical occupations in geomatics and meteorology,"9,475","9,180","65,000","64,400","8,950","66,000","65,200"
2222 Technical occupations in computer and information systems,"147,060","141,300","59,600","61,300","137,285","60,000","62,100"
22220 Computer network and web technicians,"70,545","67,875","65,500","66,700","65,635","66,500","67,800"
22221 User support technicians,"65,285","62,805","53,600","56,550","61,295","54,000","57,000"
22222 Information systems testing technicians,"11,235","10,615","48,800","55,000","10,350","50,400","55,800"
2223 Technical inspectors and regulatory officers,"53,135","50,505","70,000","72,600","48,740","71,500","74,000"
22230 Non-destructive testers and inspectors,"7,170","6,840","73,500","79,100","6,720","74,500","80,400"
22231 Engineering inspectors and regulatory officers,"7,455","7,285","81,000","85,100","7,250","81,000","85,200"
22232 Occupational health and safety specialists,"20,960","20,185","69,500","71,400","19,800","70,000","72,000"
22233 Construction inspectors,"17,550","16,195","64,500","65,600","14,970","67,000","68,500"
223 Technical occupations related to engineering,"221,055","211,970","61,200","65,000","202,890","62,400","66,600"
"2230 Technical occupations in civil, mechanical and industrial engineering","103,095","99,365","64,000","67,800","96,300","65,000","68,700"
22300 Civil engineering technologists and technicians,"23,680","23,035","61,600","62,500","22,640","62,000","62,900"
22301 Mechanical engineering technologists and technicians,"33,115","31,990","69,000","72,600","30,975","70,000","73,500"
22302 Industrial engineering and manufacturing technologists and technicians,"17,775","17,290","58,800","62,100","16,915","59,200","62,750"
22303 Construction estimators,"28,525","27,050","64,500","70,100","25,765","65,500","71,800"
2231 Technical occupations in electronics and electrical engineering,"117,965","112,605","58,000","62,550","106,590","60,000","64,800"
22310 Electrical and electronics engineering technologists and technicians,"47,425","45,670","66,500","69,500","44,195","68,000","71,000"
22311 Electronic service technicians (household and business equipment),"55,145","51,935","47,600","48,960","47,580","50,000","51,450"
22312 Industrial instrument technicians and mechanics,"9,620","9,310","91,000","97,100","9,210","92,000","98,100"
"22313 Aircraft instrument, electrical and avionics mechanics, technicians and inspectors","5,775","5,685","75,500","74,800","5,620","76,000","75,200"
3 Health occupations,"1,601,710","1,526,490","50,800","61,250","1,420,310","50,800","59,000"
30 Specialized middle management occupations in health care,"39,060","37,925","95,000","96,300","37,185","95,000","96,400"
300 Specialized middle management occupations in health care,"39,060","37,925","95,000","96,300","37,185","95,000","96,400"
3001 Managers in health care,"39,060","37,925","95,000","96,300","37,185","95,000","96,400"
30010 Managers in health care,"39,060","37,925","95,000","96,300","37,185","95,000","96,400"
31 Professional occupations in health,"692,830","656,680","77,500","85,200","596,715","76,500","79,700"
311 Health treating and consultation services professionals,"225,375","204,205","93,000","118,200","168,940","85,000","102,700"
3110 Physicians and veterinarians,"124,000","110,235","118,000","147,200","88,390","92,000","122,200"
31100 Specialists in clinical and laboratory medicine,"37,655","33,665","145,000","171,000","27,415","112,000","143,000"
31101 Specialists in surgery,"11,120","9,785","149,000","182,000","8,450","127,000","156,000"
31102 General practitioners and family physicians,"63,175","55,660","116,000","138,400","42,650","84,000","109,900"
31103 Veterinarians,"12,055","11,125","84,000","88,800","9,870","85,000","88,100"
"3111 Dentists, optometrists and audiologists","44,430","39,395","76,500","86,300","28,480","71,500","80,700"
31110 Dentists,"24,565","20,515","86,000","100,000","13,965","79,000","95,500"
31111 Optometrists,"6,945","6,225","78,000","83,900","3,060","58,800","66,400"
31112 Audiologists and speech-language pathologists,"12,925","12,660","70,000","65,500","11,460","70,500","66,400"
3112 Pharmacists and dietitians,"56,945","54,580","85,000","82,600","52,070","85,000","81,700"
31120 Pharmacists,"44,855","42,985","95,000","89,400","41,415","95,000","87,600"
31121 Dietitians and nutritionists,"12,085","11,590","61,600","57,250","10,660","63,200","58,850"
312 Therapy and assessment professionals,"96,365","91,315","59,600","60,950","70,255","60,400","59,350"
3120 Therapy and assessment professionals,"96,365","91,315","59,600","60,950","70,255","60,400","59,350"
31200 Psychologists,"20,680","19,480","75,500","75,900","14,060","71,500","69,000"
31201 Chiropractors,"9,800","8,600","48,000","58,250","3,950","40,400","55,150"
31202 Physiotherapists,"28,055","26,865","62,800","61,100","22,400","63,600","60,600"
31203 Occupational therapists,"18,580","18,085","72,000","66,400","16,785","72,500","66,000"
31204 Kinesiologists and other professional occupations in therapy and assessment,"11,540","11,145","35,600","39,120","9,910","36,400","39,760"
31209 Other professional occupations in health diagnosing and treating,"7,720","7,140","30,200","43,120","3,150","22,000","38,880"
313 Nursing and allied health professionals,"371,085","361,160","76,000","72,600","357,525","76,500","72,700"
3130 Nursing and allied health professionals,"371,085","361,160","76,000","72,600","357,525","76,500","72,700"
31300 Nursing coordinators and supervisors,"15,020","14,815","84,000","79,800","14,675","84,000","80,000"
31301 Registered nurses and registered psychiatric nurses,"346,095","336,650","75,500","71,800","333,370","75,500","72,000"
31302 Nurse practitioners,"6,790","6,675","108,000","99,100","6,580","107,000","96,700"
"31303 Physician assistants, midwives and allied health professionals","3,185","3,020","69,500","65,200","2,900","71,000","65,500"
32 Technical occupations in health,"354,405","341,665","47,200","49,040","306,570","50,400","51,550"
321 Technical occupations in health (except practitioners of natural healing),"299,430","291,700","52,000","53,500","286,075","52,400","53,800"
3210 Technical occupations in therapy and assessment,"176,305","171,790","52,800","53,850","169,380","52,800","54,100"
32100 Opticians,"10,265","9,910","41,600","43,800","9,620","41,600","43,800"
32101 Licensed practical nurses,"78,340","76,350","54,400","51,600","75,595","54,800","51,800"
32102 Paramedical occupations,"31,870","31,345","80,000","77,500","31,155","80,000","77,800"
"32103 Respiratory therapists, clinical perfusionists and cardiopulmonary technologists","13,855","13,565","77,000","74,100","13,440","77,000","74,100"
32104 Animal health technologists and veterinary technicians,"22,645","21,995","32,000","32,920","21,765","32,400","32,880"
32109 Other technical occupations in therapy and assessment,"19,325","18,625","36,800","38,480","17,805","38,000","38,840"
3211 Technical occupations in dental health care,"37,940","36,440","42,400","44,080","34,055","42,800","44,080"
32110 Denturists,"2,740","2,445","37,200","51,400","1,565","37,600","52,700"
32111 Dental hygienists and dental therapists,"29,705","28,820","43,600","44,320","27,825","43,600","44,240"
32112 Dental technologists and technicians,"5,495","5,175","35,200","39,120","4,665","36,800","40,080"
3212 Medical technologists and technicians,"85,190","83,470","57,600","57,000","82,645","57,600","57,150"
32120 Medical laboratory technologists,"20,940","20,520","72,000","67,900","20,370","72,000","68,200"
32121 Medical radiation technologists,"20,755","20,440","71,000","67,800","20,335","71,000","67,900"
32122 Medical sonographers,"6,985","6,825","69,000","64,100","6,660","69,500","64,200"
32123 Cardiology technologists and electrophysiological diagnostic technologists,"3,260","3,205","55,600","54,800","3,165","56,000","54,900"
32124 Pharmacy technicians,"27,965","27,340","39,200","40,520","27,130","39,200","40,520"
32129 Other medical technologists and technicians,"5,290","5,145","48,000","49,680","4,990","48,800","50,440"
322 Practitioners of natural healing,"54,970","49,965","17,200","22,840","20,495","12,000","20,380"
3220 Practitioners of natural healing,"54,970","49,965","17,200","22,840","20,495","12,000","20,380"
32200 Traditional Chinese medicine practitioners and acupuncturists,"5,170","4,575","16,800","24,660","1,760","13,900","25,380"
32201 Massage therapists,"43,665","40,285","18,400","23,360","16,605","11,900","19,660"
32209 Other practitioners of natural healing,"6,130","5,100","7,800","17,200","2,125","11,300","21,860"
33 Assisting occupations in support of health services,"515,420","490,225","33,600","35,000","479,845","34,000","35,200"
331 Assisting occupations in support of health services,"515,420","490,225","33,600","35,000","479,845","34,000","35,200"
3310 Assisting occupations in support of health services,"515,420","490,225","33,600","35,000","479,845","34,000","35,200"
33100 Dental assistants and dental laboratory assistants,"39,965","38,485","30,000","30,800","37,950","30,000","30,800"
33101 Medical laboratory assistants and related technical occupations,"21,600","20,830","44,000","42,840","20,665","44,000","42,920"
"33102 Nurse aides, orderlies and patient service associates","380,320","360,910","35,200","35,640","352,355","35,600","35,960"
33103 Pharmacy technical assistants and pharmacy assistants,"33,655","32,355","28,000","28,720","32,030","28,200","28,680"
33109 Other assisting occupations in support of health services,"39,885","37,650","29,000","34,200","36,845","29,200","34,040"
"4 Occupations in education, law and social, community and government services","2,532,170","2,406,060","52,400","61,050","2,270,285","54,400","61,250"
"40 Managers in public administration, in education and social and community services and in public protection services","139,490","136,275","95,000","92,400","133,930","95,000","93,200"
"400 Managers in public administration, in education and social and community services and in public protection services","139,490","136,275","95,000","92,400","133,930","95,000","93,200"
4001 Managers in public administration,"27,585","27,095","105,000","107,900","26,790","105,000","108,400"
40010 Government managers - health and social policy development and program administration,"8,155","8,080","105,000","105,700","8,015","105,000","105,300"
"40011 Government managers - economic analysis, policy development and program administration","12,255","11,955","107,000","114,700","11,805","108,000","115,600"
40012 Government managers - education policy development and program administration,"2,035","1,990","97,000","97,300","1,940","98,000","98,800"
40019 Other managers in public administration,"5,140","5,065","101,000","99,300","5,025","101,000","100,000"
4002 Managers in education,"51,500","50,460","107,000","101,500","49,800","107,000","102,200"
40020 Administrators - post-secondary education and vocational training,"18,420","18,030","87,000","92,100","17,760","88,000","92,600"
40021 School principals and administrators of elementary and secondary education,"33,080","32,430","114,000","106,700","32,040","114,000","107,400"
"4003 Managers in social, community and correctional services","36,120","34,880","63,600","68,800","33,800","64,500","69,500"
"40030 Managers in social, community and correctional services","36,120","34,880","63,600","68,800","33,800","64,500","69,500"
4004 Managers in public protection services,"24,285","23,835","93,000","90,300","23,535","94,000","91,100"
40040 Commissioned police officers and related occupations in public protection services,"2,245","2,190","130,000","130,200","2,160","130,000","131,600"
40041 Fire chiefs and senior firefighting officers,"2,725","2,715","116,000","113,000","2,705","115,000","113,000"
40042 Commissioned officers of the Canadian Armed Forces,"19,320","18,935","87,000","82,400","18,670","88,000","83,200"
"41 Professional occupations in law, education, social, community and government services","1,337,875","1,277,575","68,000","72,100","1,217,260","68,500","70,400"
411 Professional occupations in law,"109,330","101,705","106,000","149,600","81,270","104,000","129,600"
"4110 Judges, lawyers and Quebec notaries","109,330","101,705","106,000","149,600","81,270","104,000","129,600"
41100 Judges,"3,355","3,290","274,000","256,800","3,220","274,000","244,800"
41101 Lawyers and Quebec notaries,"105,980","98,420","103,000","146,000","78,055","101,000","124,900"
412 Professional occupations in education services,"796,855","762,905","67,500","64,200","748,085","68,000","64,700"
4120 University professors and post-secondary assistants,"200,550","182,245","34,800","60,600","178,290","36,000","60,550"
41200 University professors and lecturers,"79,440","75,965","108,000","107,600","74,630","108,000","107,300"
41201 Post-secondary teaching and research assistants,"121,105","106,275","13,100","27,000","103,665","13,000","26,920"
4121 College and other vocational instructors,"108,620","103,730","66,000","63,550","98,095","68,500","65,500"
41210 College and other vocational instructors,"108,620","103,730","66,000","63,550","98,095","68,500","65,500"
"4122 Secondary, elementary and kindergarten school teachers","487,680","476,935","74,000","65,700","471,695","74,500","66,100"
41220 Secondary school teachers,"165,375","161,795","80,000","70,100","159,660","81,000","70,600"
41221 Elementary school and kindergarten teachers,"322,305","315,145","70,500","63,500","312,035","71,000","63,750"
413 Professional occupations in social and community services,"187,750","181,005","59,200","58,250","168,235","60,400","59,300"
4130 Social and community service professionals,"137,460","132,190","58,400","56,650","120,800","60,000","57,750"
41300 Social workers,"69,445","67,775","67,000","63,650","65,855","67,000","63,850"
41301 Therapists in counselling and related specialized therapies,"37,580","35,640","48,800","49,840","27,720","51,600","50,440"
41302 Religious leaders,"30,435","28,775","48,000","48,720","27,220","49,200","50,320"
4131 Police investigators and probation officers,"9,100","9,030","86,000","88,900","8,975","87,000","89,200"
41310 Police investigators and other investigative occupations,"3,670","3,655","119,000","111,100","3,615","119,000","111,800"
41311 Probation and parole officers,"5,425","5,380","79,500","73,800","5,365","79,500","73,900"
4132 Educational and employment counsellors,"41,190","39,785","56,000","56,550","38,455","56,400","57,150"
41320 Educational counsellors,"28,815","27,860","61,600","59,500","27,120","62,400","60,000"
41321 Career development practitioners and career counsellors (except education),"12,370","11,925","49,200","49,680","11,335","49,600","50,280"
414 Professional occupations in government services,"243,935","231,955","69,500","74,600","219,670","71,500","76,600"
"4140 Policy and program researchers, consultants and officers","243,935","231,955","69,500","74,600","219,670","71,500","76,600"
"41400 Natural and applied science policy researchers, consultants and program officers","37,725","36,265","78,000","81,500","34,560","79,000","82,700"
41401 Economists and economic policy researchers and analysts,"23,970","22,975","88,000","106,500","22,415","89,000","107,400"
41402 Business development officers and market researchers and analysts,"46,305","42,905","66,500","80,200","40,160","68,500","83,000"
"41403 Social policy researchers, consultants and program officers","45,075","43,210","67,500","66,900","41,175","69,000","68,600"
"41404 Health policy researchers, consultants and program officers","29,275","27,920","69,000","69,500","26,100","71,000","71,900"
"41405 Education policy researchers, consultants and program officers","28,530","27,105","63,600","62,200","25,040","66,500","64,300"
"41406 Recreation, sports and fitness policy researchers, consultants and program officers","10,605","10,340","48,000","49,640","10,010","48,800","50,200"
41407 Program officers unique to government,"15,250","14,410","72,000","73,000","14,125","72,500","73,700"
41409 Other professional occupations in social science,"7,210","6,840","54,000","56,500","6,085","58,800","60,000"
"42 Front-line public protection services and paraprofessional occupations in legal, social, community, education services","633,015","606,920","39,600","47,760","571,270","41,200","49,320"
421 Occupations in front-line public protection services,"111,620","110,565","108,000","102,200","110,065","108,000","102,300"
4210 Occupations in front-line public protection services,"111,620","110,565","108,000","102,200","110,065","108,000","102,300"
42100 Police officers (except commissioned),"75,195","74,635","109,000","103,200","74,315","109,000","103,500"
42101 Firefighters,"34,800","34,315","109,000","101,400","34,145","109,000","101,400"
42102 Specialized members of the Canadian Armed Forces,"1,625","1,615","72,500","70,100","1,610","72,500","70,400"
"422 Paraprofessional occupations in legal, social, community and education services","521,395","496,355","32,800","35,640","461,205","34,400","36,680"
"4220 Paraprofessional occupations in legal, social, community and education services","521,395","496,355","32,800","35,640","461,205","34,400","36,680"
42200 Paralegals and related occupations,"33,680","32,260","52,800","54,550","30,245","54,000","56,150"
42201 Social and community service workers,"194,275","184,950","42,400","42,720","180,650","42,800","43,000"
42202 Early childhood educators and assistants,"248,350","235,935","24,400","26,760","208,855","25,400","27,600"
42203 Instructors of persons with disabilities,"35,415","34,515","43,200","42,520","33,795","43,600","42,800"
42204 Religion workers,"9,680","8,700","21,200","28,880","7,665","24,000","30,720"
43 Assisting occupations in education and in legal and public protection,"247,315","235,260","36,400","43,160","223,250","37,600","44,640"
431 Assisting occupations in educational,"157,785","146,960","25,600","26,200","135,840","27,000","27,160"
4310 Assisting occupations in education,"157,785","146,960","25,600","26,200","135,840","27,000","27,160"
43100 Elementary and secondary school teacher assistants,"113,410","109,850","29,800","29,440","108,755","29,800","29,360"
43109 Other instructors,"44,375","37,110","7,000","16,540","27,085","7,400","18,220"
432 Assisting occupations in legal and public protection,"89,530","88,295","73,500","71,400","87,410","74,000","71,800"
4320 Assisting occupations in legal and public protection,"89,530","88,295","73,500","71,400","87,410","74,000","71,800"
43200 Sheriffs and bailiffs,"5,620","5,470","67,500","64,100","5,065","69,000","66,900"
43201 Correctional service officers,"25,680","25,460","81,000","77,200","25,370","81,000","77,400"
43202 By-law enforcement and other regulatory officers,"10,975","10,755","65,000","62,700","10,625","65,500","62,850"
"43203 Border services, customs, and immigration officers","10,780","10,505","84,000","74,200","10,410","84,000","74,400"
43204 Operations members of the Canadian Armed Forces,"36,480","36,115","71,500","70,300","35,940","71,500","70,400"
44 Care providers and legal and public protection support occupations,"139,455","117,105","16,600","23,120","91,980","21,600","26,280"
441 Home care provider occupations,"129,300","107,415","15,000","21,220","82,360","19,600","24,180"
4410 Home care provider occupations,"129,300","107,415","15,000","21,220","82,360","19,600","24,180"
44100 Home child care providers,"69,820","53,900","9,700","15,760","32,765","12,800","18,900"
"44101 Home support workers, caregivers and related occupations","59,485","53,515","22,600","26,720","49,600","24,200","27,680"
442 Primary combat members of the Canadian Armed Forces,"10,150","9,695","44,800","44,200","9,625","45,200","44,280"
4420 Primary combat members of the Canadian Armed Forces,"10,150","9,695","44,800","44,200","9,625","45,200","44,280"
44200 Primary combat members of the Canadian Armed Forces,"10,150","9,695","44,800","44,200","9,625","45,200","44,280"
"45 Student monitors, crossing guards and related occupations","35,020","32,930","6,280","10,510","32,595","6,160","10,240"
"451 Student monitors, crossing guards and related occupations","35,020","32,930","6,280","10,510","32,595","6,160","10,240"
"4510 Student monitors, crossing guards and related occupations","35,020","32,930","6,280","10,510","32,595","6,160","10,240"
"45100 Student monitors, crossing guards and related occupations","35,020","32,930","6,280","10,510","32,595","6,160","10,240"
"5 Occupations in art, culture, recreation and sport","697,260","620,195","22,200","36,920","489,920","28,800","41,080"
"50 Specialized middle management occupations in art, culture, recreation and sport","27,955","26,225","54,000","66,200","24,405","56,800","68,900"
"500 Specialized middle management occupations in art, culture, recreation and sport","27,955","26,225","54,000","66,200","24,405","56,800","68,900"
"5001 Managers in art, culture, recreation and sport","27,955","26,225","54,000","66,200","24,405","56,800","68,900"
"50010 Library, archive, museum and art gallery managers","5,065","4,915","61,200","65,400","4,655","64,000","68,100"
"50011 Managers - publishing, motion pictures, broadcasting and performing arts","8,830","8,100","60,000","72,600","7,215","63,200","77,600"
"50012 Recreation, sports and fitness program and service directors","14,055","13,205","49,600","62,650","12,535","50,800","64,200"
51 Professional occupations in art and culture,"174,680","156,120","29,800","42,080","113,815","42,000","48,640"
511 Professional occupations in art and culture,"174,680","156,120","29,800","42,080","113,815","42,000","48,640"
"5110 Librarians, archivists, conservators and curators","13,220","12,825","62,400","61,100","12,440","63,600","61,950"
51100 Librarians,"9,355","9,165","66,500","64,200","9,040","67,000","64,600"
51101 Conservators and curators,"2,210","2,065","53,200","53,600","1,880","57,200","55,150"
51102 Archivists,"1,650","1,595","54,000","53,000","1,525","55,200","54,550"
"5111 Writing, translating and related communications professionals","83,835","74,700","35,600","43,080","54,965","45,200","48,560"
51110 Editors,"15,890","14,355","36,800","41,960","11,085","44,800","46,280"
51111 Authors and writers (except technical),"27,745","23,320","18,000","33,560","15,175","25,000","38,040"
51112 Technical writers,"8,990","8,465","66,000","65,600","7,845","67,000","66,500"
51113 Journalists,"11,360","10,670","49,200","53,800","9,245","53,200","57,050"
"51114 Translators, terminologists and interpreters","19,850","17,890","31,000","39,440","11,615","42,800","45,680"
5112 Creative and performing artists,"77,625","68,600","18,400","37,400","46,410","29,200","45,160"
"51120 Producers, directors, choreographers and related occupations","36,205","33,200","50,000","58,700","27,630","55,600","63,000"
"51121 Conductors, composers and arrangers","3,930","3,460","14,200","26,720","2,485","14,200","28,360"
51122 Musicians and singers,"37,500","31,945","7,650","16,420","16,295","6,360","17,460"
"52 Technical occupations in art, culture and sport","215,785","197,960","41,200","48,480","168,805","45,200","52,150"
521 Technical occupations in art and culture,"215,785","197,960","41,200","48,480","168,805","45,200","52,150"
5210 Technical occupations in libraries and public archives,"10,365","10,165","41,600","41,720","10,070","41,600","41,800"
52100 Library and public archive technicians,"10,365","10,165","41,600","41,720","10,070","41,600","41,800"
"5211 Technical occupations in motion pictures, broadcasting and the performing arts","84,365","79,310","47,200","55,850","72,290","50,400","58,450"
52110 Film and video camera operators,"5,935","5,390","25,400","35,840","4,360","29,000","38,440"
52111 Graphic arts technicians,"13,420","12,555","50,800","60,550","11,485","52,800","63,250"
52112 Broadcast technicians,"1,960","1,900","69,500","66,800","1,835","70,000","68,000"
52113 Audio and video recording technicians,"28,340","26,305","37,600","42,080","23,000","40,800","44,400"
52114 Announcers and other broadcasters,"5,400","4,980","42,800","59,950","4,390","46,400","63,700"
"52119 Other technical and coordinating occupations in motion pictures, broadcasting and the performing arts","29,315","28,180","61,200","69,000","27,220","62,400","70,000"
5212 Graphic and interior designers,"121,060","108,485","36,400","43,720","86,445","42,000","48,080"
52120 Graphic designers and illustrators,"88,935","80,165","39,200","45,600","65,170","43,600","49,480"
52121 Interior designers and interior decorators,"32,125","28,320","29,800","38,400","21,270","36,800","43,760"
"53 Occupations in art, culture and sport","154,660","128,370","11,600","25,960","85,885","15,800","31,400"
531 Occupations in art and culture,"128,400","108,230","10,900","22,800","70,915","15,000","27,440"
5310 Occupations related to museums and art galleries,"6,870","6,450","13,100","21,660","5,870","13,800","22,700"
"53100 Registrars, restorers, interpreters and other occupations related to museum and art galleries","6,870","6,450","13,100","21,660","5,870","13,800","22,700"
5311 Photographers and support occupations in arts and culture,"34,285","30,290","16,800","26,840","21,620","21,800","31,240"
53110 Photographers,"20,545","17,370","10,100","21,000","9,340","12,100","25,960"
"53111 Motion pictures, broadcasting, photography and performing arts assistants and operators","13,740","12,920","29,200","34,680","12,280","30,200","35,200"
5312 Occupations in creative and performing art,"87,245","71,490","8,800","21,180","43,425","12,100","26,200"
53120 Dancers,"10,910","9,375","7,400","14,500","6,585","6,950","14,940"
"53121 Actors, comedians and circus performers","19,595","16,280","6,700","20,120","9,115","5,640","20,200"
"53122 Painters, sculptors and other visual artists","21,465","16,630","5,760","15,500","7,785","8,400","21,280"
"53123 Theatre, fashion, exhibit and other creative designers","14,940","13,075","27,800","38,400","10,160","36,400","45,080"
53124 Artisans and craftspersons,"19,615","15,475","8,500","17,320","9,210","14,400","22,880"
"53125 Patternmakers - textile, leather and fur products",730,650,"33,600","35,300",570,"38,000","37,800"
532 Occupations in sports,"26,260","20,140","16,600","43,040","14,975","20,400","50,080"
"5320 Athletes, coaches, referees and related occupations","26,260","20,140","16,600","43,040","14,975","20,400","50,080"
53200 Athletes,"4,375","3,265","17,600","98,200","2,540","21,000","118,400"
53201 Coaches,"16,695","14,875","19,800","34,400","10,895","24,200","38,320"
53202 Sports officials and referees,"5,190","2,000","3,360","17,420","1,540","3,320","20,840"
54 Support occupations in sport,"118,830","107,405","6,550","14,440","94,605","6,320","14,420"
541 Support occupations in sport,"118,830","107,405","6,550","14,440","94,605","6,320","14,420"
"5410 Program leaders and instructors in recreation, sport and fitness","118,830","107,405","6,550","14,440","94,605","6,320","14,420"
"54100 Program leaders and instructors in recreation, sport and fitness","118,830","107,405","6,550","14,440","94,605","6,320","14,420"
55 Support occupations in art and culture,"5,350","4,110","8,400","24,020","2,400","6,700","17,860"
551 Support occupations in art and culture,"5,350","4,110","8,400","24,020","2,400","6,700","17,860"
5510 Support occupations in art and culture,"5,350","4,110","8,400","24,020","2,400","6,700","17,860"
55109 Other performers,"5,350","4,110","8,400","24,020","2,400","6,700","17,860"
6 Sales and service occupations,"5,226,370","4,845,615","20,600","32,880","4,492,425","21,400","33,320"
60 Middle management occupations in retail and wholesale trade and customer services,"716,470","667,420","47,600","62,600","615,180","50,000","65,800"
600 Middle management occupations in retail and wholesale trade and customer services,"716,470","667,420","47,600","62,600","615,180","50,000","65,800"
6001 Corporate sales managers,"80,170","78,025","97,000","112,600","76,240","98,000","113,900"
60010 Corporate sales managers,"80,170","78,025","97,000","112,600","76,240","98,000","113,900"
6002 Retail and wholesale trade managers,"418,370","390,415","49,600","63,700","360,590","52,000","66,900"
60020 Retail and wholesale trade managers,"418,370","390,415","49,600","63,700","360,590","52,000","66,900"
6003 Managers in food service and accommodation,"188,585","172,725","33,200","40,960","157,140","35,200","43,000"
60030 Restaurant and food service managers,"158,235","145,680","32,800","39,600","133,530","34,000","41,120"
60031 Accommodation service managers,"30,350","27,040","38,400","48,320","23,615","43,200","53,500"
6004 Managers in customer and personal services,"29,345","26,255","30,000","39,880","21,205","34,000","43,320"
60040 Managers in customer and personal services,"29,345","26,255","30,000","39,880","21,205","34,000","43,320"
62 Retail sales and service supervisors and specialized occupations in sales and services,"362,880","347,880","34,800","46,400","338,005","35,200","46,920"
620 Retail sales and service supervisors,"188,165","182,830","32,400","37,960","180,460","32,400","38,000"
6201 Retail sales supervisors,"65,105","63,585","33,200","38,200","63,060","33,200","38,240"
62010 Retail sales supervisors,"65,105","63,585","33,200","38,200","63,060","33,200","38,240"
6202 Service supervisors,"123,065","119,245","32,000","37,840","117,400","32,400","37,880"
62020 Food service supervisors,"77,160","74,875","28,600","34,240","74,205","28,600","34,200"
62021 Executive housekeepers,"2,030","1,995","39,200","41,560","1,955","39,200","41,800"
"62022 Accommodation, travel, tourism and related services supervisors","6,425","6,255","25,400","31,000","6,150","25,200","30,880"
62023 Customer and information services supervisors,"11,025","10,765","53,600","57,150","10,640","54,000","57,250"
62024 Cleaning supervisors,"14,420","13,700","40,000","42,160","13,000","41,600","42,920"
62029 Other services supervisors,"12,005","11,660","39,600","40,960","11,450","39,600","40,920"
621 Specialized sales occupations,"91,295","87,390","60,000","77,400","84,040","61,200","79,100"
6210 Technical sales specialists in wholesale trade and retail and wholesale buyers,"91,295","87,390","60,000","77,400","84,040","61,200","79,100"
62100 Technical sales specialists - wholesale trade,"53,625","51,405","81,000","99,200","49,430","82,000","101,400"
62101 Retail and wholesale buyers,"37,665","35,980","36,800","46,280","34,610","37,600","47,320"
622 Specialized services occupations,"83,420","77,665","25,000","31,320","73,500","25,800","32,000"
6220 Specialized occupations in services,"83,420","77,665","25,000","31,320","73,500","25,800","32,000"
62200 Chefs,"73,355","68,515","24,000","29,560","65,790","24,600","29,920"
62201 Funeral directors and embalmers,"5,625","5,410","52,800","58,650","5,260","53,200","59,100"
"62202 Jewellers, jewellery and watch repairers and related occupations","4,435","3,740","16,400","23,780","2,455","24,000","29,760"
63 Occupations in sales and services,"733,790","676,505","21,800","36,520","528,715","23,600","36,200"
631 Occupations in sales,"268,495","249,165","48,400","64,100","172,120","50,800","65,500"
"6310 Insurance, real estate and financial sales occupations","268,495","249,165","48,400","64,100","172,120","50,800","65,500"
63100 Insurance agents and brokers,"83,900","80,425","52,400","65,600","70,310","54,000","68,100"
63101 Real estate agents and salespersons,"121,825","108,115","35,600","59,300","44,520","30,800","52,850"
63102 Financial sales representatives,"62,775","60,630","53,200","70,800","57,290","54,000","72,200"
632 Occupations in services,"465,295","427,335","14,900","20,440","356,595","16,800","22,060"
"6320 Cooks, butchers and bakers","276,465","255,470","16,800","21,460","247,845","17,000","21,640"
63200 Cooks,"212,290","196,215","15,400","20,200","191,400","15,600","20,300"
63201 Butchers - retail and wholesale,"11,775","11,165","32,800","32,880","10,755","33,200","33,000"
63202 Bakers,"52,400","48,085","20,200","23,940","45,685","21,000","24,500"
6321 Hairstylists and estheticians,"174,220","157,970","11,500","16,700","96,425","14,900","19,880"
63210 Hairstylists and barbers,"102,675","94,270","12,300","17,060","54,120","16,200","20,720"
"63211 Estheticians, electrologists and related occupations","71,545","63,710","10,500","16,180","42,305","13,000","18,820"
"6322 Shoe repairers, shoemakers and upholsterers","14,605","13,890","40,800","44,200","12,325","44,000","47,880"
63220 Shoe repairers and shoemakers,"10,570","10,295","46,000","49,120","9,650","47,200","51,400"
63221 Upholsterers,"4,045","3,595","27,200","30,080","2,675","32,400","35,240"
64 Sales and service representatives and other customer and personal services occupations,"1,427,280","1,341,020","22,000","31,560","1,289,295","22,800","31,960"
641 Retail salespersons and non-technical wholesale trade sales and account representatives,"791,130","738,590","18,400","31,160","705,800","18,800","31,480"
6410 Retail salespersons and non-technical wholesale trade sales and account representatives,"791,130","738,590","18,400","31,160","705,800","18,800","31,480"
64100 Retail salespersons and visual merchandisers,"722,870","674,900","16,800","27,680","647,950","17,000","27,920"
64101 Sales and account representatives - wholesale trade (non-technical),"68,260","63,685","56,000","67,800","57,850","58,800","71,400"
642 Occupations in personal service,"23,685","20,895","15,300","20,840","15,535","20,200","24,560"
6420 Occupations in personal service,"23,685","20,895","15,300","20,840","15,535","20,200","24,560"
"64200 Tailors, dressmakers, furriers and milliners","21,015","18,620","15,200","18,800","13,785","20,000","22,300"
"64201 Image, social and other personal consultants","2,665","2,275","16,200","37,560","1,750","22,800","42,320"
"643 Occupations in food, accommodation and tourism","137,750","130,170","13,400","21,580","124,200","13,800","22,080"
6430 Occupations in food and beverage service,"57,055","53,535","8,200","11,500","52,755","8,200","11,450"
64300 Maîtres d'hôtel and hosts/hostesses,"24,220","22,330","5,480","8,180","22,090","5,440","8,160"
64301 Bartenders,"32,835","31,205","10,700","13,880","30,665","10,700","13,820"
6431 Occupations in travel and accommodation,"66,645","63,445","25,600","30,920","59,175","27,600","32,400"
64310 Travel counsellors,"20,835","19,180","20,200","27,800","15,465","28,600","32,560"
64311 Pursers and flight attendants,"12,905","12,575","38,000","41,000","12,475","38,400","40,960"
64312 Airline ticket and service agents,"12,120","11,820","30,200","36,160","11,600","30,600","36,200"
"64313 Ground and water transport ticket agents, cargo service representatives and related clerks","1,850","1,800","53,200","52,100","1,755","53,600","53,050"
64314 Hotel front desk clerks,"18,935","18,075","19,000","21,780","17,885","19,000","21,780"
6432 Tourism and amusement services occupations,"14,045","13,190","12,000","17,520","12,260","12,300","18,040"
64320 Tour and travel guides,"3,315","2,990","7,200","14,520","2,595","7,800","15,220"
64321 Casino workers,"7,785","7,565","12,800","18,180","7,455","12,800","18,260"
64322 Outdoor sport and recreational guides,"2,945","2,640","14,600","19,000","2,215","14,800","20,620"
"644 Occupations in customer, information and protective services","474,725","451,370","32,400","35,560","443,760","32,800","35,680"
6440 Customer and information services representatives,"341,850","326,105","33,200","36,080","320,495","33,200","36,200"
64400 Customer services representatives - financial institutions,"63,940","61,680","34,400","37,320","61,130","34,400","37,360"
64401 Postal services representatives,"8,045","7,785","30,600","34,320","7,715","30,600","34,320"
64409 Other customer and information services representatives,"269,865","256,640","32,800","35,840","251,655","32,800","36,000"
6441 Security guards and related security service occupations,"132,875","125,265","31,000","34,200","123,265","31,200","34,320"
64410 Security guards and related security service occupations,"132,875","125,265","31,000","34,200","123,265","31,200","34,320"
65 Sales and service support occupations,"1,985,955","1,812,785","12,500","19,000","1,721,245","12,700","19,200"
651 Sales support occupations,"738,950","678,625","12,200","18,460","666,145","12,200","18,480"
6510 Cashiers and other sales support occupations,"738,950","678,625","12,200","18,460","666,145","12,200","18,480"
65100 Cashiers,"428,750","394,540","10,700","16,820","390,340","10,600","16,780"
65101 Service station attendants,"10,820","9,740","12,100","17,320","9,635","12,100","17,240"
"65102 Store shelf stockers, clerks and order fillers","263,855","243,495","15,500","20,300","241,070","15,500","20,280"
65109 Other sales related occupations,"35,535","30,855","12,200","25,320","25,100","14,000","28,320"
"652 Support occupations in food, accommodation and tourism","711,335","650,955","10,100","15,480","632,500","10,100","15,480"
6520 Food support occupations,"631,305","579,850","10,200","15,180","571,555","10,200","15,140"
65200 Food and beverage servers,"149,015","140,450","9,700","13,240","138,625","9,700","13,160"
"65201 Food counter attendants, kitchen helpers and related support occupations","474,760","432,155","10,200","15,500","425,775","10,200","15,460"
65202 Meat cutters and fishmongers - retail and wholesale,"7,530","7,245","34,000","34,440","7,160","34,000","34,480"
"6521 Support occupations in accommodation, travel, tourism and amusement services","44,995","41,305","8,300","17,060","40,455","8,300","17,100"
"65210 Support occupations in accommodation, travel and facilities set-up services","3,715","3,425","16,400","28,200","3,285","17,000","28,840"
"65211 Operators and attendants in amusement, recreation and sport","41,285","37,885","7,950","16,040","37,170","7,900","16,060"
6522 Support occupations in personal services,"35,025","29,800","12,400","19,140","20,495","15,100","21,560"
65220 Pet groomers and animal care workers,"31,615","27,085","13,000","19,460","19,220","15,500","21,740"
65229 Other support occupations in personal services,"3,410","2,715","7,150","15,900","1,275","8,200","18,760"
653 Support occupations in cleaning and related services,"535,670","483,205","19,200","24,500","422,595","21,800","25,880"
6531 Cleaners,"486,670","437,435","19,600","24,720","378,595","22,400","26,240"
65310 Light duty cleaners,"312,035","277,330","16,400","21,860","232,870","19,400","23,640"
65311 Specialized cleaners,"48,835","43,750","20,000","25,280","39,105","21,000","25,800"
"65312 Janitors, caretakers and heavy-duty cleaners","125,800","116,350","29,000","31,280","106,615","30,800","32,120"
6532 Service support and related occupations,"48,995","45,775","16,400","22,440","44,005","17,000","22,780"
"65320 Dry cleaning, laundry and related occupations","19,685","18,495","24,600","26,160","17,630","25,400","26,960"
65329 Other service support occupations,"29,315","27,270","12,300","19,940","26,370","12,600","20,000"
"7 Trades, transport and equipment operators and related occupations","3,526,800","3,287,460","44,400","50,960","2,975,435","47,600","53,700"
70 Middle management occupations in trades and transportation,"290,490","262,380","62,000","71,900","227,005","69,000","79,100"
700 Middle management occupations in trades and transportation,"290,490","262,380","62,000","71,900","227,005","69,000","79,100"
7001 Managers in construction and facility operation and maintenance,"243,970","218,005","59,200","69,200","184,430","66,500","77,100"
70010 Construction managers,"100,495","91,770","75,000","83,900","83,185","79,500","89,200"
70011 Home building and renovation managers,"62,535","50,885","22,400","36,160","30,420","34,000","46,200"
70012 Facility operation and maintenance managers,"80,935","75,345","64,000","73,400","70,830","66,000","76,200"
7002 Managers in transportation and postal and courier services,"46,525","44,375","76,500","85,400","42,575","78,000","87,800"
70020 Managers in transportation,"42,175","40,225","77,500","87,300","38,675","78,500","89,600"
70021 Postal and courier services managers,"4,350","4,145","62,800","67,400","3,895","65,500","69,900"
72 Technical trades and transportation officers and controllers,"1,358,055","1,288,400","55,200","60,350","1,196,495","57,600","62,700"
720 Technical trades contractors and supervisors,"211,365","197,015","67,000","71,500","176,315","71,000","75,600"
"7201 Contractors and supervisors, technical industrial, electrical and construction trades and related workers","114,670","104,495","60,800","66,100","87,575","67,000","71,700"
"72010 Contractors and supervisors, machining, metal forming, shaping and erecting trades and related occupations","14,405","13,810","74,000","79,200","13,390","75,000","80,500"
"72011 Contractors and supervisors, electrical trades and telecommunications occupations","24,600","22,970","78,500","81,300","21,135","82,000","84,900"
"72012 Contractors and supervisors, pipefitting trades","8,485","7,775","81,000","81,800","7,135","85,000","85,600"
"72013 Contractors and supervisors, carpentry trades","16,465","15,130","58,400","60,200","12,750","63,200","64,900"
"72014 Contractors and supervisors, other construction trades, installers, repairers and servicers","50,715","44,815","46,000","53,600","33,160","52,800","59,250"
"7202 Contractors and supervisors, technical maintenance trades and heavy equipment and transport operators","96,695","92,520","73,000","77,700","88,735","74,500","79,500"
"72020 Contractors and supervisors, mechanic trades","27,340","26,145","73,500","78,900","24,785","75,500","81,200"
"72021 Contractors and supervisors, heavy equipment operator crews","45,785","43,645","80,000","85,100","41,715","82,000","87,400"
"72022 Supervisors, printing and related occupations","2,180","2,075","56,000","56,600","2,035","56,400","57,250"
"72023 Supervisors, railway transport operations","1,305","1,250","96,000","97,600","1,240","96,000","98,000"
"72024 Supervisors, motor transport and other ground transit operators","11,370","10,895","60,400","63,450","10,575","61,600","64,400"
"72025 Supervisors, mail and message distribution occupations","8,715","8,505","59,600","56,150","8,400","59,600","56,250"
721 Technical industrial trades,"192,030","184,410","52,000","54,900","179,005","52,400","55,650"
"7210 Machining, metal forming, shaping and erecting trades","192,030","184,410","52,000","54,900","179,005","52,400","55,650"
72100 Machinists and machining and tooling inspectors,"39,295","38,180","53,600","54,700","37,405","54,000","55,200"
72101 Tool and die makers,"10,590","10,315","59,600","60,800","10,025","60,400","61,650"
72102 Sheet metal workers,"20,320","19,730","53,200","53,950","19,220","53,600","54,300"
72103 Boilermakers,"4,250","4,140","59,600","66,200","4,115","59,600","66,300"
72104 Structural metal and platework fabricators and fitters,"7,030","6,790","54,000","55,050","6,595","54,800","56,050"
72105 Ironworkers,"14,285","13,790","60,000","62,100","13,635","60,400","62,300"
72106 Welders and related machine operators,"96,260","91,455","48,800","52,900","88,015","49,600","53,850"
722 Technical electrical trades,"180,405","174,425","62,400","65,400","168,455","63,600","66,800"
7220 Technical electrical trades and electrical power line and telecommunications workers,"180,405","174,425","62,400","65,400","168,455","63,600","66,800"
72200 Electricians (except industrial and power system),"106,205","102,005","51,600","54,850","97,350","53,600","56,300"
72201 Industrial electricians,"22,910","22,520","88,000","90,200","22,345","89,000","90,700"
72202 Power system electricians,"5,215","5,095","94,000","94,300","5,050","95,000","95,100"
72203 Electrical power line and cable workers,"13,785","13,610","106,000","104,400","13,525","106,000","105,100"
72204 Telecommunications line and cable installers and repairers,"10,465","10,140","58,000","58,150","9,860","59,600","59,100"
72205 Telecommunications equipment installation and cable television service technicians,"21,835","21,050","62,400","61,600","20,325","63,200","62,400"
723 Technical construction trades,"312,860","290,655","42,800","46,520","255,430","45,600","48,880"
"7230 Plumbers, pipefitters and gas fitters","86,315","82,420","55,200","57,700","77,960","56,800","59,300"
72300 Plumbers,"56,390","53,455","51,200","53,250","49,875","53,200","54,950"
"72301 Steamfitters, pipefitters and sprinkler system installers","22,585","22,045","65,500","67,600","21,795","66,000","68,100"
72302 Gas fitters,"7,340","6,915","54,800","60,500","6,290","57,600","63,300"
7231 Carpenters and cabinetmakers,"197,695","181,415","38,400","41,520","153,460","41,200","43,760"
72310 Carpenters,"179,760","164,805","39,200","42,240","139,635","42,000","44,440"
72311 Cabinetmakers,"17,935","16,615","33,600","34,520","13,820","36,000","37,160"
7232 Bricklayers and insulators,"28,855","26,825","42,400","46,120","24,010","44,800","47,520"
72320 Bricklayers,"18,830","17,335","40,400","43,680","15,070","42,800","45,400"
72321 Insulators,"10,025","9,495","47,200","50,600","8,940","48,400","51,160"
724 Technical maintenance trades,"403,470","385,845","56,800","61,100","363,795","58,800","63,250"
7240 Machinery and transportation equipment mechanics (except motor vehicles),"179,185","173,740","71,500","74,600","168,365","73,000","76,000"
72400 Construction millwrights and industrial mechanics,"69,280","67,530","73,500","76,800","66,240","74,000","77,900"
72401 Heavy-duty equipment mechanics,"47,265","45,770","73,500","78,500","43,925","75,000","80,500"
"72402 Heating, refrigeration and air conditioning mechanics","32,260","30,785","58,400","61,350","29,120","60,400","63,250"
72403 Railway carmen/women,"2,560","2,545","84,000","80,300","2,515","84,000","80,600"
72404 Aircraft mechanics and aircraft inspectors,"19,510","18,935","72,000","70,900","18,440","73,000","71,800"
72405 Machine fitters,"2,195","2,165","60,400","61,700","2,150","60,800","62,000"
72406 Elevator constructors and mechanics,"6,115","6,025","102,000","101,000","5,980","102,000","101,500"
7241 Automotive service technicians,"195,085","184,365","47,200","50,160","170,660","49,200","52,250"
"72410 Automotive service technicians, truck and bus mechanics and mechanical repairers","162,835","154,195","48,400","50,960","143,905","50,000","52,850"
"72411 Auto body collision, refinishing and glass technicians and damage repair estimators","32,245","30,170","42,400","46,040","26,755","45,200","49,200"
7242 Small engine and equipment mechanics and related repairers (including electrical components),"29,200","27,740","48,000","49,520","24,770","50,800","52,350"
72420 Oil and solid fuel heating mechanics,"1,760","1,665","46,800","49,600","1,475","48,400","52,400"
72421 Appliance servicers and repairers,"6,355","5,800","34,400","38,800","4,280","38,800","43,280"
72422 Electrical mechanics,"10,925","10,725","59,600","60,650","10,485","60,000","61,100"
"72423 Motorcycle, all-terrain vehicle and other related mechanics","7,210","6,835","46,400","47,800","6,320","48,000","49,160"
72429 Other small engine and small equipment repairers,"2,950","2,720","30,000","32,720","2,210","34,400","37,560"
725 Technical equipment operation trades,"15,190","14,875","74,000","79,700","14,595","74,500","80,500"
7250 Crane operators and water well drillers,"15,190","14,875","74,000","79,700","14,595","74,500","80,500"
72500 Crane operators,"14,520","14,270","75,000","80,900","14,075","76,000","81,400"
72501 Water well drillers,670,605,"50,400","50,400",520,"52,000","53,800"
726 Transportation officers and controllers,"32,655","31,760","92,000","107,200","31,205","93,000","107,900"
7260 Transportation officers and controllers,"32,655","31,760","92,000","107,200","31,205","93,000","107,900"
"72600 Air pilots, flight engineers and flying instructors","18,605","18,015","90,000","107,800","17,635","91,000","108,800"
72601 Air traffic controllers and related occupations,"4,790","4,725","106,000","121,300","4,695","107,000","121,700"
"72602 Deck officers, water transport","6,270","6,135","90,000","102,100","6,050","90,000","102,500"
"72603 Engineer officers, water transport","1,535","1,480","95,000","98,300","1,425","96,000","97,900"
72604 Railway traffic controllers and marine traffic regulators,"1,450","1,405","84,000","83,800","1,395","86,000","84,500"
729 Other technical trades,"10,075","9,420","44,000","48,240","7,700","50,000","52,550"
7299 Other technical trades,"10,075","9,420","44,000","48,240","7,700","50,000","52,550"
72999 Other technical trades and related occupations,"10,075","9,420","44,000","48,240","7,700","50,000","52,550"
73 General trades,"979,385","909,750","38,800","43,960","813,635","41,600","46,000"
731 General construction trades,"150,485","132,735","30,000","34,720","102,490","33,600","37,000"
"7310 Concrete finishers, tilesetters and plasterers","52,135","46,755","36,000","39,240","37,300","38,400","40,040"
73100 Concrete finishers,"10,050","9,415","47,600","49,600","8,900","48,400","50,680"
73101 Tilesetters,"9,940","8,675","30,400","34,880","5,830","34,000","36,280"
"73102 Plasterers, drywall installers and finishers and lathers","32,140","28,665","34,000","37,120","22,565","34,800","36,800"
"7311 Roofers, glaziers, painters, decorators and floor covering installers","98,355","85,980","26,600","32,280","65,195","31,200","35,280"
73110 Roofers and shinglers,"25,970","23,365","31,800","37,200","21,070","32,400","37,760"
73111 Glaziers,"8,855","8,550","44,800","45,080","8,145","45,600","45,920"
73112 Painters and decorators (except interior decorators),"50,135","42,580","20,200","27,080","28,945","25,800","30,720"
73113 Floor covering installers,"13,390","11,485","26,800","31,800","7,030","30,200","34,280"
"732 Building maintenance installers, servicers and repairers","187,995","171,515","33,200","37,080","151,255","36,000","39,240"
"7320 Building maintenance installers, servicers and repairers","187,995","171,515","33,200","37,080","151,255","36,000","39,240"
73200 Residential and commercial installers and servicers,"57,405","52,055","29,200","33,640","44,320","30,800","34,640"
73201 General building maintenance workers and building superintendents,"114,085","104,305","36,000","39,040","93,495","39,600","41,760"
73202 Pest controllers and fumigators,"4,555","4,250","38,400","40,520","3,705","40,800","41,880"
73209 Other repairers and servicers,"11,960","10,900","27,200","33,560","9,740","30,200","35,200"
733 Transportation occupations,"519,310","488,400","39,600","44,440","446,315","41,600","45,840"
7330 Transport truck and transit drivers,"507,265","476,460","38,400","43,200","434,430","40,400","44,560"
73300 Transport truck drivers,"403,855","375,735","40,800","44,240","335,870","43,200","45,920"
"73301 Bus drivers, subway operators and other transit operators","103,410","100,725","26,600","39,440","98,560","27,000","39,840"
7331 Train crew operating occupations,"12,045","11,945","95,000","92,900","11,885","95,000","93,300"
73310 Railway and yard locomotive engineers,"6,115","6,085","116,000","107,800","6,055","116,000","108,400"
73311 Railway conductors and brakemen/women,"5,930","5,860","80,000","77,400","5,830","80,000","77,700"
"734 Operators, drillers and blasters","121,590","117,100","58,000","62,500","113,570","58,800","63,650"
"7340 Operators, drillers and blasters","121,590","117,100","58,000","62,500","113,570","58,800","63,650"
73400 Heavy equipment operators,"101,535","97,825","60,000","64,900","94,820","61,200","66,100"
73401 Printing press operators,"15,375","14,750","43,200","44,680","14,270","44,400","45,600"
"73402 Drillers and blasters - surface mining, quarrying and construction","4,685","4,525","67,000","68,700","4,480","67,500","68,900"
"74 Mail and message distribution, other transport equipment operators and related maintenance workers","159,250","152,335","45,200","45,760","143,880","46,800","46,720"
741 Mail and message distribution occupations,"98,475","93,970","45,200","44,360","86,840","47,600","45,560"
7410 Mail and message distribution occupations,"98,475","93,970","45,200","44,360","86,840","47,600","45,560"
74100 Mail and parcel sorters and related occupations,"25,410","24,445","39,200","41,280","24,185","39,600","41,240"
74101 Letter carriers,"34,870","34,240","60,400","54,300","33,600","60,800","54,650"
74102 Couriers and messengers,"38,195","35,285","32,000","36,880","29,055","35,200","38,680"
"742 Transport equipment operators, utility maintenance and related workers","60,780","58,360","44,800","48,000","57,040","45,600","48,480"
"7420 Transport equipment operators, utility maintenance and related maintenance workers","60,780","58,360","44,800","48,000","57,040","45,600","48,480"
74200 Railway yard and track maintenance workers,"5,985","5,890","77,000","74,500","5,835","77,500","74,900"
74201 Water transport deck and engine room crew,"4,935","4,840","58,000","55,300","4,760","58,000","55,500"
74202 Air transport ramp attendants,"10,280","9,935","31,400","35,760","9,835","31,400","35,800"
74203 Automotive and heavy truck and equipment parts installers and servicers,"16,130","15,295","30,600","38,120","14,855","31,000","38,280"
74204 Utility maintenance workers,"6,350","6,110","60,000","62,300","5,960","61,200","63,400"
74205 Public works maintenance equipment operators and related workers,"17,100","16,290","49,600","47,680","15,790","50,400","48,520"
"75 Helpers and labourers and other transport drivers, operators and labourers","739,615","674,600","28,400","35,400","594,420","32,000","38,200"
751 Helpers and labourers,"510,800","471,215","33,600","39,960","448,600","34,800","40,760"
7510 Longshore workers and material handlers,"252,315","238,415","36,000","42,360","234,100","36,400","42,640"
75100 Longshore workers,"6,290","6,115","84,000","87,400","6,075","85,000","87,600"
75101 Material handlers,"246,030","232,300","35,600","41,200","228,025","36,000","41,440"
7511 Trades helpers and labourers,"258,475","232,800","30,800","37,480","214,500","32,400","38,720"
75110 Construction trades helpers and labourers,"244,110","219,645","31,000","37,720","201,840","32,800","39,040"
75119 Other trades helpers and labourers,"14,365","13,160","26,000","33,160","12,660","27,200","33,760"
"752 Transport drivers, operators and labourers","228,820","203,380","15,500","24,900","145,820","23,400","30,360"
"7520 Taxi, personal service and delivery service drivers","184,175","161,560","12,000","20,540","104,995","17,800","25,760"
75200 Taxi and limousine drivers and chauffeurs,"68,390","61,485","6,950","13,440","25,290","11,600","20,940"
75201 Delivery service drivers and door-to-door distributors,"115,780","100,070","17,000","24,900","79,705","20,400","27,280"
7521 Water and rail transport operators and labourers and related occupations,"44,645","41,820","40,400","41,800","40,825","41,200","42,200"
75210 Boat and cable ferry operators and related occupations,"3,160","3,040","38,800","44,560","2,945","38,800","44,240"
75211 Railway and motor transport labourers,"5,685","5,210","32,800","38,360","5,030","34,000","38,960"
75212 Public works and maintenance labourers,"35,795","33,570","42,000","42,080","32,850","42,800","42,520"
"8 Natural resources, agriculture and related production occupations","617,425","543,170","23,200","37,680","425,325","26,800","42,760"
80 Middle management occupations in production and agriculture,"193,100","168,350","20,600","36,600","92,670","32,400","52,550"
800 Middle management occupations in production and agriculture,"193,100","168,350","20,600","36,600","92,670","32,400","52,550"
8001 Managers in natural resources production and fishing,"10,670","10,185","141,000","168,200","9,845","145,000","174,800"
80010 Managers in natural resources production and fishing,"10,670","10,185","141,000","168,200","9,845","145,000","174,800"
"8002 Managers in agriculture, horticulture and aquaculture","182,430","158,165","18,400","28,120","82,825","27,800","38,040"
80020 Managers in agriculture,"177,350","153,575","18,000","27,560","79,500","27,200","37,320"
80021 Managers in horticulture,"4,120","3,700","31,000","44,120","2,550","42,400","52,850"
80022 Managers in aquaculture,965,900,"56,400","58,300",770,"63,600","62,300"
"82 Supervisors in natural resources, agriculture and related production","52,760","48,655","62,800","77,000","43,270","68,000","82,200"
"820 Supervisors in natural resources, agriculture and related production","52,760","48,655","62,800","77,000","43,270","68,000","82,200"
"8201 Supervisors, logging and forestry","6,760","6,460","71,000","79,700","6,155","73,000","81,500"
"82010 Supervisors, logging and forestry","6,760","6,460","71,000","79,700","6,155","73,000","81,500"
"8202 Contractors and supervisors, mining, oil and gas","20,385","18,820","107,000","113,300","18,200","109,000","116,000"
"82020 Supervisors, mining and quarrying","8,365","8,180","121,000","120,200","8,060","123,000","121,400"
"82021 Contractors and supervisors, oil and gas drilling and services","12,020","10,640","96,000","107,900","10,145","99,000","111,700"
"8203 Contractors and supervisors, agriculture, horticulture and related operations and services","25,610","23,365","41,200","47,080","18,920","44,400","49,880"
82030 Agricultural service contractors and farm supervisors,"3,090","2,920","44,000","45,600","2,535","46,400","49,000"
"82031 Contractors and supervisors, landscaping, grounds maintenance and horticulture services","22,520","20,445","40,400","47,280","16,385","44,000","50,000"
83 Occupations in natural resources and related production,"44,350","42,350","59,200","67,700","36,680","67,000","72,500"
831 Occupations in natural resources and fisheries,"44,350","42,350","59,200","67,700","36,680","67,000","72,500"
"8310 Underground miners, oil and gas drillers and related occupations","22,600","21,760","92,000","90,900","21,430","93,000","91,700"
83100 Underground production and development miners,"14,615","14,380","105,000","100,500","14,250","105,000","100,900"
"83101 Oil and gas well drillers, servicers, testers and related workers","7,985","7,385","63,200","72,300","7,170","64,500","73,500"
8311 Logging machinery operators,"7,545","7,290","56,800","58,200","6,965","57,200","58,750"
83110 Logging machinery operators,"7,545","7,290","56,800","58,200","6,965","57,200","58,750"
8312 Fishing vessel masters and fishermen/women,"14,210","13,300","23,600","34,920","8,295","21,000","34,520"
83120 Fishing masters and officers,"1,160","1,100","55,600","72,000",825,"55,600","70,200"
83121 Fishermen/women,"13,055","12,200","22,000","31,560","7,465","19,800","30,560"
"84 Workers in natural resources, agriculture and related production","90,860","81,405","26,800","36,160","70,335","29,400","38,640"
841 Workers in natural resources and fisheries,"90,860","81,405","26,800","36,160","70,335","29,400","38,640"
8410 Mine service workers and operators in oil and gas drilling,"10,660","10,340","75,500","79,500","10,235","76,500","80,100"
84100 Underground mine service and support workers,"4,535","4,425","78,000","79,000","4,405","78,500","79,400"
84101 Oil and gas well drilling and related workers and services operators,"6,125","5,915","74,000","79,900","5,830","75,000","80,600"
8411 Logging and forestry workers,"17,375","15,825","27,400","34,920","13,680","29,400","37,120"
84110 Chain saw and skidder operators,"8,715","7,670","30,000","36,960","6,015","35,200","41,560"
84111 Silviculture and forestry workers,"8,665","8,155","26,200","33,040","7,665","26,800","33,640"
8412 Workers in agriculture and fishing occupations,"62,825","55,240","21,800","28,360","46,420","23,600","29,960"
84120 Specialized livestock workers and farm machinery operators,"52,265","45,280","22,200","28,160","39,015","25,000","30,360"
84121 Fishing vessel deckhands,"10,560","9,960","20,400","29,360","7,405","18,200","27,960"
"85 Harvesting, landscaping and natural resources labourers","236,360","202,410","16,000","23,440","182,365","16,600","23,980"
"851 Harvesting, landscaping and natural resources labourers","236,360","202,410","16,000","23,440","182,365","16,600","23,980"
"8510 Agriculture, horticulture and harvesting labourers and related occupations","75,635","64,300","15,500","22,000","57,095","16,200","22,680"
85100 Livestock labourers,"35,225","29,350","17,000","23,680","24,950","18,400","25,320"
85101 Harvesting labourers,"16,310","13,815","12,400","17,800","12,695","12,700","17,980"
85102 Aquaculture and marine harvest labourers,"2,925","2,750","22,200","30,960","1,860","24,000","33,120"
85103 Nursery and greenhouse labourers,"20,515","17,940","15,900","21,160","17,260","16,000","21,140"
85104 Trappers and hunters,660,445,"8,900","21,500",335,"15,400","26,100"
"8511 Mine and oil and gas drilling, services and related labourers","11,415","10,655","43,600","51,650","10,460","44,000","52,000"
85110 Mine labourers,"3,185","3,005","45,600","57,400","2,960","45,600","58,000"
"85111 Oil and gas drilling, servicing and related labourers","8,235","7,645","42,800","49,400","7,500","43,200","49,640"
"8512 Logging, forestry, landscaping and other related labourers","149,310","127,455","15,200","21,820","114,805","15,500","22,080"
85120 Logging and forestry labourers,"6,255","5,805","17,000","23,840","5,670","17,000","23,620"
85121 Landscaping and grounds maintenance labourers,"143,055","121,640","15,100","21,720","109,140","15,400","22,000"
9 Occupations in manufacturing and utilities,"937,355","890,860","42,000","52,050","870,460","42,400","52,750"
90 Middle management occupations in manufacturing and utilities,"87,465","83,650","85,000","102,700","80,980","87,000","104,900"
900 Middle management occupations in manufacturing and utilities,"87,465","83,650","85,000","102,700","80,980","87,000","104,900"
9001 Managers in manufacturing and utilities,"87,465","83,650","85,000","102,700","80,980","87,000","104,900"
90010 Manufacturing managers,"75,600","72,180","81,000","96,500","69,690","82,000","98,700"
90011 Utilities managers,"11,860","11,475","124,000","141,600","11,290","125,000","142,800"
"92 Processing, manufacturing and utilities supervisors and utilities operators and controllers","113,935","111,500","72,500","82,300","110,245","73,000","82,900"
"920 Supervisors, processing, manufacturing, assembly and fabrication occupations","63,710","62,480","69,000","76,100","62,010","69,500","76,400"
"9201 Supervisors, processing and manufacturing occupations","45,110","44,155","70,500","78,700","43,825","70,500","79,000"
"92010 Supervisors, mineral and metal processing","5,720","5,635","81,000","86,000","5,615","81,000","86,400"
"92011 Supervisors, petroleum, gas and chemical processing and utilities","12,515","12,290","97,000","109,900","12,160","98,000","110,900"
"92012 Supervisors, food and beverage processing","16,180","15,750","57,200","58,850","15,650","57,600","58,800"
"92013 Supervisors, plastic and rubber products manufacturing","3,700","3,630","60,400","62,450","3,610","60,400","62,650"
"92014 Supervisors, forest products processing","5,835","5,735","76,000","76,000","5,690","76,000","76,300"
"92015 Supervisors, textile, fabric, fur and leather products processing and manufacturing","1,155","1,115","44,000","45,300","1,100","44,400","45,700"
"9202 Supervisors, assembly and fabrication","18,605","18,325","66,000","69,700","18,185","66,000","70,100"
"92020 Supervisors, motor vehicle assembling","8,550","8,480","72,500","77,100","8,445","72,500","77,300"
"92021 Supervisors, electronics and electrical products manufacturing","2,290","2,230","57,200","60,800","2,205","57,200","61,250"
"92022 Supervisors, furniture and fixtures manufacturing","1,665","1,625","52,800","53,350","1,610","52,400","53,600"
"92023 Supervisors, other mechanical and metal products manufacturing","2,950","2,915","72,000","73,200","2,895","72,500","73,800"
"92024 Supervisors, other products manufacturing and assembly","3,155","3,060","57,600","61,050","3,030","57,600","61,400"
921 Utilities equipment operators and controllers,"50,225","49,020","78,500","90,200","48,235","79,000","91,200"
9210 Utilities equipment operators and controllers,"50,225","49,020","78,500","90,200","48,235","79,000","91,200"
92100 Power engineers and power systems operators,"36,220","35,405","86,000","98,900","34,910","86,000","99,900"
92101 Water and waste treatment plant operators,"14,010","13,620","69,000","67,400","13,325","69,500","68,200"
93 Central control and process operators and aircraft assembly assemblers and inspectors,"32,515","31,635","88,000","100,900","31,250","89,000","101,900"
931 Central control and process operators in processing and manufacturing,"26,685","25,875","100,000","109,700","25,525","101,000","110,900"
9310 Central control and process operators in processing and manufacturing,"26,685","25,875","100,000","109,700","25,525","101,000","110,900"
"93100 Central control and process operators, mineral and metal processing","2,470","2,460","97,000","93,000","2,445","97,000","93,600"
"93101 Central control and process operators, petroleum, gas and chemical processing","23,435","22,660","101,000","112,300","22,330","103,000","113,600"
"93102 Pulping, papermaking and coating control operators",775,755,"90,000","87,400",745,"90,000","87,600"
932 Aircraft assemblers and aircraft assembly inspectors,"5,830","5,760","63,200","61,450","5,725","63,200","61,600"
9320 Aircraft assemblers and aircraft assembly inspectors,"5,830","5,760","63,200","61,450","5,725","63,200","61,600"
93200 Aircraft assemblers and aircraft assembly inspectors,"5,830","5,760","63,200","61,450","5,725","63,200","61,600"
"94 Machine operators, assemblers and inspectors in processing, manufacturing and printing","408,470","391,480","40,000","43,000","381,420","40,400","43,600"
941 Processing and manufacturing machine operators and related production workers,"225,065","216,120","41,600","44,680","210,405","42,000","45,400"
9410 Machine operators and related workers in mineral and metal products processing and manufacturing,"44,595","43,385","48,400","53,300","42,800","48,400","53,650"
"94100 Machine operators, mineral and metal processing","8,820","8,695","79,000","78,000","8,645","79,500","78,400"
94101 Foundry workers,"2,525","2,495","51,600","56,450","2,440","52,000","57,150"
94102 Glass forming and finishing machine operators and glass cutters,"2,410","2,330","37,200","38,160","2,260","37,600","38,240"
"94103 Concrete, clay and stone forming operators","4,015","3,790","42,800","47,000","3,675","43,200","47,440"
"94104 Inspectors and testers, mineral and metal processing","2,375","2,335","52,800","55,700","2,320","52,800","55,900"
94105 Metalworking and forging machine operators,"12,155","11,810","43,600","44,440","11,690","43,600","44,640"
94106 Machining tool operators,"9,245","8,975","46,400","48,320","8,870","46,800","48,480"
94107 Machine operators of other metal products,"3,050","2,965","44,800","46,600","2,900","45,200","47,240"
"9411 Machine operators and related workers in chemical, plastic and rubber processing","28,290","27,230","44,400","48,560","26,825","44,800","48,920"
94110 Chemical plant machine operators,"8,145","7,745","50,400","58,950","7,510","52,000","60,150"
94111 Plastics processing machine operators,"14,645","14,105","40,000","42,560","13,960","40,000","42,680"
94112 Rubber processing machine operators and related workers,"5,500","5,385","50,000","49,360","5,355","50,400","49,440"
9412 Machine operators and related workers in pulp and paper production and wood processing and manufacturing,"27,855","27,010","49,600","53,150","26,025","50,800","54,600"
94120 Sawmill machine operators,"6,685","6,490","46,800","48,320","5,975","48,800","51,450"
"94121 Pulp mill, papermaking and finishing machine operators","5,220","5,155","82,000","80,500","5,125","82,000","80,900"
94122 Paper converting machine operators,"3,740","3,645","54,400","53,100","3,615","54,400","53,500"
94123 Lumber graders and other wood processing inspectors and graders,"2,680","2,620","51,200","52,600","2,595","51,600","52,550"
94124 Woodworking machine operators,"7,210","6,825","35,200","36,760","6,475","36,400","37,880"
94129 Other wood processing machine operators,"2,320","2,270","53,600","54,500","2,245","54,800","55,200"
"9413 Machine operators and related workers in textile, fabric, fur and leather products processing and manufacturing","22,660","21,230","23,400","25,920","19,620","24,600","27,080"
"94130 Textile fibre and yarn, hide and pelt processing machine operators and workers","3,035","2,865","30,600","31,640","2,630","32,400","33,680"
"94131 Weavers, knitters and other fabric making occupations","2,430","2,245","28,600","31,240","2,030","30,000","33,280"
94132 Industrial sewing machine operators,"15,420","14,425","22,000","23,680","13,300","23,000","24,660"
"94133 Inspectors and graders, textile, fabric, fur and leather products manufacturing","1,770","1,695","26,000","28,000","1,660","26,400","28,280"
"9414 Machine operators and related workers in food, beverage and associated products processing","87,000","83,095","41,600","42,280","81,435","41,600","42,640"
"94140 Process control and machine operators, food and beverage processing","52,355","50,350","44,800","46,640","49,380","45,200","47,080"
"94141 Industrial butchers and meat cutters, poultry preparers and related workers","17,615","16,715","43,200","40,960","16,340","43,600","41,480"
94142 Fish and seafood plant workers,"8,605","8,005","15,000","20,320","7,800","14,900","20,080"
"94143 Testers and graders, food and beverage processing","8,425","8,025","36,400","39,440","7,910","36,800","39,640"
9415 Printing equipment operators and related occupations,"14,670","14,170","35,600","36,880","13,705","36,400","37,640"
94150 Plateless printing equipment operators,"7,295","7,040","36,800","36,880","6,815","37,600","37,680"
"94151 Camera, platemaking and other prepress occupations","2,115","2,065","47,600","48,680","2,005","47,600","49,720"
94152 Binding and finishing machine operators,"3,835","3,705","32,800","33,560","3,605","32,800","34,040"
94153 Photographic and film processors,"1,425","1,360","22,800","27,840","1,275","23,000","28,500"
942 Assemblers and inspectors in manufacturing,"183,410","175,360","38,400","40,960","171,010","38,800","41,400"
"9420 Mechanical, electrical and electronics assemblers and inspectors","111,435","107,560","41,200","43,640","106,455","41,200","43,800"
"94200 Motor vehicle assemblers, inspectors and testers","74,690","72,195","42,800","45,440","71,545","43,200","45,640"
"94201 Electronics assemblers, fabricators, inspectors and testers","14,170","13,565","34,800","35,880","13,315","34,800","36,000"
"94202 Assemblers and inspectors, electrical appliance, apparatus and equipment manufacturing","7,840","7,520","35,600","37,520","7,435","35,600","37,560"
"94203 Assemblers, fabricators and inspectors, industrial electrical motors and transformers","2,605","2,515","43,600","45,960","2,510","43,600","45,840"
94204 Mechanical assemblers and inspectors,"11,175","10,850","44,000","45,240","10,745","44,000","45,360"
"94205 Machine operators and inspectors, electrical apparatus manufacturing",950,905,"39,600","42,500",900,"39,600","42,600"
"9421 Furniture, wood, plastic and other products assemblers, finishers and inspectors","71,975","67,800","34,800","36,640","64,555","35,600","37,400"
"94210 Furniture and fixture assemblers, finishers, refinishers and inspectors","18,875","17,645","31,600","31,800","16,310","32,400","32,920"
94211 Assemblers and inspectors of other wood products,"9,000","8,425","32,800","33,400","8,135","33,200","33,680"
"94212 Plastic products assemblers, finishers and inspectors","5,490","5,205","36,000","35,880","5,130","36,000","36,000"
"94213 Industrial painters, coaters and metal finishing process operators","16,155","15,590","44,000","46,760","15,250","44,400","46,920"
"94219 Other products assemblers, finishers and inspectors","22,455","20,935","32,400","34,680","19,730","33,200","35,680"
"95 Labourers in processing, manufacturing and utilities","294,970","272,595","28,400","31,520","266,570","28,800","31,800"
"951 Labourers in processing, manufacturing and utilities","294,970","272,595","28,400","31,520","266,570","28,800","31,800"
"9510 Labourers in processing, manufacturing and utilities","294,970","272,595","28,400","31,520","266,570","28,800","31,800"
95100 Labourers in mineral and metal processing,"10,960","10,120","41,200","45,680","9,645","42,800","47,200"
95101 Labourers in metal fabrication,"14,960","14,065","34,000","36,360","13,710","34,400","36,800"
95102 Labourers in chemical products processing and utilities,"22,440","21,000","28,400","33,600","20,670","28,800","33,840"
"95103 Labourers in wood, pulp and paper processing","19,915","18,725","36,800","40,680","18,340","37,600","41,040"
95104 Labourers in rubber and plastic products manufacturing,"10,320","9,635","32,400","35,080","9,535","32,800","35,120"
95105 Labourers in textile processing and cutting,"6,735","6,205","23,000","25,800","5,910","23,800","26,440"
95106 Labourers in food and beverage processing,"96,830","89,790","29,400","30,720","88,235","29,600","30,960"
95107 Labourers in fish and seafood processing,"10,105","9,465","14,700","18,400","9,280","14,600","18,020"
"95109 Other labourers in processing, manufacturing and utilities","102,700","93,590","26,200","29,000","91,260","26,600","29,360"
